[
  {
    "value": "今日",
    "synonyms": [
      "本日"
    ]
  },
  {
    "value": "明日",
    "synonyms": [
      "あす",
      "次の日"
    ]
  },
  {
    "value": "明後日",
    "synonyms": [
      "明後日",
      "あさって"
    ]
  },
  {
    "value": "日曜日",
    "synonyms": [
      "日曜日",
      "日曜",
      "にちよう"
    ]
  },
  {
    "value": "月曜日",
    "synonyms": [
      "月曜日",
      "月曜",
      "げつよう"
    ]
  },
  {
    "value": "火曜日",
    "synonyms": [
      "火曜日",
      "火曜",
      "かよう"
    ]
  },
  {
    "value": "水曜日",
    "synonyms": [
      "水曜日",
      "水曜",
      "すいよう"
    ]
  },
  {
    "value": "木曜日",
    "synonyms": [
      "木曜日",
      "木曜",
      "もくよう"
    ]
  },
  {
    "value": "金曜日",
    "synonyms": [
      "金曜日",
      "きんよう",
      "金曜"
    ]
  },
  {
    "value": "土曜日",
    "synonyms": [
      "土曜日",
      "土曜",
      "どよう"
    ]
  },
  {
    "value": "今日",
    "synonyms": [
      "今日"
    ]
  }
]