[
  {
    "id": "0dd0bc78-9a7d-4424-95c3-fe2f0ef04d99",
    "data": [
      {
        "text": "今日",
        "alias": "TargetDay",
        "meta": "@TargetDay",
        "userDefined": false
      },
      {
        "text": "出せるゴミは？",
        "userDefined": false
      }
    ],
    "isTemplate": false,
    "count": 0,
    "updated": 1548685190
  },
  {
    "id": "b9d5308b-cfb9-4cd6-b8d3-5a9ab73d312d",
    "data": [
      {
        "text": "今日",
        "alias": "TargetDay",
        "meta": "@TargetDay",
        "userDefined": false
      },
      {
        "text": "捨てられるゴミは？",
        "userDefined": false
      }
    ],
    "isTemplate": false,
    "count": 0,
    "updated": 1548685190
  },
  {
    "id": "22fc4b8b-7a83-4e51-8afa-2f42eb343db9",
    "data": [
      {
        "text": "今日",
        "alias": "TargetDay",
        "meta": "@TargetDay",
        "userDefined": false
      },
      {
        "text": "は？",
        "userDefined": false
      }
    ],
    "isTemplate": false,
    "count": 0,
    "updated": 1548685190
  },
  {
    "id": "78fd9b00-6e47-4967-8c0c-3a24ea0a9016",
    "data": [
      {
        "text": "今日",
        "alias": "TargetDay",
        "meta": "@TargetDay",
        "userDefined": false
      },
      {
        "text": "の予定は？",
        "userDefined": false
      }
    ],
    "isTemplate": false,
    "count": 0,
    "updated": 1548685190
  }
]